Test Case,Our Metrics_Distance Metric,Our Metrics_Visibility Metric,Our Metrics_Legibility Metric,Our Metrics_Nominal Trajectory Metric,Distance + Visibility_Distance Metric,Distance + Visibility_Visibility Metric,Distance + Visibility_Legibility Metric,Distance + Visibility_Nominal Trajectory Metric,Legibility_Distance Metric,Legibility_Visibility Metric,Legibility_Legibility Metric,Legibility_Nominal Trajectory Metric,Nominal Trajectory_Distance Metric,Nominal Trajectory_Visibility Metric,Nominal Trajectory_Legibility Metric,Nominal Trajectory_Nominal Trajectory Metric,Speed Control_Distance Metric,Speed Control_Visibility Metric,Speed Control_Legibility Metric,Speed Control_Nominal Trajectory Metric
"120, 124, 144, 204, 240",0.9570000000000001 +/- 0.00244948974278318,0.7190000000000001 +/- 0.07958643100428615,0.6089569948355237 +/- 0.004576554284340073,19.611569010816257 +/- 0.23618395784808202,0.9030000000000001 +/- 0.03171750305430741,0.7230000000000001 +/- 0.024617067250182364,0.40069195078538167 +/- 0.015565391025134942,6.373962690062265 +/- 0.3263617876787052,0.9029999999999999 +/- 0.05697367813297644,0.547 +/- 0.04578209256903839,0.4709286005525179 +/- 5.551115123125783e-17,2.1952056652025176 +/- 0.0,0.746 +/- 0.13569819453478368,0.579 +/- 0.040298883359219766,0.3974669378950725 +/- 0.0,0.0 +/- 0.0,0.746 +/- 0.13569819453478368,0.562 +/- 0.0645445582524197,0.3634610696466931 +/- 0.06425448859108004,0.4554871472978155 +/- 0.8048688002856831
