Test Case,Our Metrics_Distance Metric,Our Metrics_Visibility Metric,Our Metrics_Legibility Metric,Our Metrics_Nominal Trajectory Metric,Distance + Visibility_Distance Metric,Distance + Visibility_Visibility Metric,Distance + Visibility_Legibility Metric,Distance + Visibility_Nominal Trajectory Metric,Legibility_Distance Metric,Legibility_Visibility Metric,Legibility_Legibility Metric,Legibility_Nominal Trajectory Metric,Nominal Trajectory_Distance Metric,Nominal Trajectory_Visibility Metric,Nominal Trajectory_Legibility Metric,Nominal Trajectory_Nominal Trajectory Metric,Speed Control_Distance Metric,Speed Control_Visibility Metric,Speed Control_Legibility Metric,Speed Control_Nominal Trajectory Metric
120,0.96,0.635,0.6128870960758006,19.502107649099003,0.915,0.745,0.4005317738708374,6.1471124407569535,0.92,0.545,0.47092860055251795,2.1952056652025176,0.655,0.59,0.3974669378950725,0.0,0.655,0.585,0.389815706493048,0.2213698240934187
124,0.955,0.685,0.6079570399282859,19.578845937282153,0.855,0.705,0.3715638682933762,6.954457130281408,0.795,0.49,0.47092860055251795,2.1952056652025176,0.55,0.53,0.3974669378950725,0.0,0.55,0.45,0.23508882805520048,2.056065912395547
144,0.955,0.71,0.6151374623213477,20.07169284453967,0.885,0.705,0.40595169495744754,6.103922635726622,0.915,0.54,0.47092860055251795,2.1952056652025176,0.8,0.565,0.3974669378950725,0.0,0.8,0.565,0.39746693789507237,3.7202274948238976e-14
204,0.96,0.87,0.6064727769621635,19.49505545108144,0.95,0.76,0.4078799022799645,6.516156266798935,0.965,0.63,0.47092860055251795,2.1952056652025176,0.95,0.65,0.3974669378950725,0.0,0.95,0.65,0.39746693789507237,3.7202274948238976e-14
240,0.955,0.695,0.6023305988900212,19.410143172079017,0.91,0.7,0.4175325145252827,6.148164976747407,0.92,0.53,0.47092860055251795,2.1952056652025176,0.775,0.56,0.3974669378950725,0.0,0.775,0.56,0.39746693789507237,3.7202274948238976e-14
